,feature,primary_rank_score,secondary_rank_score,consistency
0,N,0.36746174634936485,0.9999999998904872,0.36746174645887764
1,P,0.5592401324355172,0.36274705580991,0.8035069233743928
2,K,0.8282397601651247,0.121258071890272,0.29301831172514736
