,feature,primary_score,secondary_score,score_diff
1,P,0.5592401324355172,0.36274705580991,0.19649307662560717
0,N,0.36746174634936485,0.9999999998904872,0.6325382535411224
2,K,0.8282397601651247,0.121258071890272,0.7069816882748526
