,feature,mean_score,consensus_rank
6,rainfall,0.875304544885042,1
2,K,0.8528413986392721,2
4,humidity,0.8382774561641386,3
1,P,0.6457632495552833,4
0,N,0.5271370531258737,5
3,temperature,0.30844302232292903,6
5,ph,0.19047619047619047,7
