,feature,chi2,mutual_info,rfe,lasso,boruta,random_forest,mean_score,consensus_rank
6,rainfall,0.3488146288695152,0.9030126410713896,1.0,0.9999999999669463,1.0,0.999999999402401,0.875304544885042,1
2,K,0.9999999999998004,0.9016800708924501,0.7142857142857143,0.7331154461800161,1.0,0.7679671604776512,0.8528413986392721,2
4,humidity,0.3018539111354935,0.9999999999022211,0.8571428571428571,0.8861033642686639,1.0,0.9845646045355968,0.8382774561641386,3
1,P,0.49085109544343253,0.5744124206082588,0.5714285714285714,0.6460395908665673,1.0,0.5918478189848697,0.6457632495552833,4
0,N,0.5624974018723283,0.29859302583726777,0.42857142857142855,0.5680753271256475,1.0,0.3050851353485699,0.5271370531258737,5
3,temperature,0.03461899691807856,0.28033358206785103,0.2857142857142857,0.11146704743151904,1.0,0.13852422180583984,0.30844302232292903,6
5,ph,0.0,0.0,0.14285714285714285,0.0,1.0,0.0,0.19047619047619047,7
