,feature,chi2_score,p_value,rank
2,K,522.205375599221,3.3569591203979866e-97,1
0,N,303.012141990019,7.752106056060301e-52,2
1,P,267.1166166845219,1.4712358503970486e-44,3
6,rainfall,195.95490808664255,2.259819060725699e-30,4
4,humidity,172.42711278488738,8.741419170090183e-26,5
3,temperature,38.539713644171925,0.011133671119235519,6
5,ph,21.19524549413433,0.44707711626758234,7
