,feature,score
4,humidity,0.21430405844386155
6,rainfall,0.19835203938003867
2,K,0.1908273687669966
1,P,0.13978977807963702
0,N,0.11451323949804378
3,temperature,0.08750165133347179
5,ph,0.05471186449795057
