,feature,score
6,rainfall,3.365529732567126
4,humidity,3.018975259391569
2,K,2.5566601385929912
1,P,2.2950438988726733
0,N,2.056983271485493
3,temperature,0.6763778654618012
5,ph,0.3404757580699877
