,feature,lasso_importance,rank
6,rainfall,3.363935241985862,1
4,humidity,3.019354597454888,2
2,K,2.556507954994903,3
1,P,2.2930703726375294,4
0,N,2.057198820457572,5
3,temperature,0.6757850995819281,6
5,ph,0.33855488367225217,7
