,feature,score
4,humidity,1.732005207269689
6,rainfall,1.6328147260935628
2,K,1.6314518858343439
1,P,1.2967501670083874
0,N,1.01466537972428
3,temperature,0.9959911624311175
5,ph,0.7092896455495405
