,feature,mi_score,rank
4,humidity,1.732005207269689,1
6,rainfall,1.6328147260935628,2
2,K,1.6314518858343439,3
1,P,1.2967501670083874,4
0,N,1.01466537972428,5
3,temperature,0.9959911624311175,6
5,ph,0.7092896455495405,7
