,feature,score
6,rainfall,0.21964086696980523
4,humidity,0.21705796499206514
2,K,0.18081334854665876
1,P,0.1513421883084258
0,N,0.10335637977565043
3,temperature,0.07548469157356018
5,ph,0.05230455983383439
