{
  "RandomForest": {
    "brier_score_macro": 0.0007590105856028185,
    "brier_per_class": {
      "apple": 1.606617095701914e-05,
      "banana": 5.3078011299216624e-05,
      "blackgram": 0.002540084410296631,
      "chickpea": 0.00017429997419632823,
      "coconut": 0.00012804859514933923,
      "coffee": 0.00016085327380952367,
      "cotton": 0.00016806467151675485,
      "grapes": 1.6968275548855937e-05,
      "jute": 0.002605131448968903,
      "kidneybeans": 0.00011734246756467737,
      "lentil": 0.001726906945317571,
      "maize": 0.001128075204854669,
      "mango": 0.0006670948620630912,
      "mothbeans": 0.0027565118545196353,
      "mungbean": 9.086564195823656e-05,
      "muskmelon": 5.102784090909093e-05,
      "orange": 0.00017395454778975985,
      "papaya": 0.0005093707965335756,
      "pigeonpeas": 0.0007842491734325254,
      "pomegranate": 0.00016898278588213476,
      "rice": 0.002394251304572129,
      "watermelon": 0.0002670046261223344
    }
  },
  "GaussianNB": {
    "brier_score_macro": 0.000438206174406428,
    "brier_per_class": {
      "apple": 4.8845482164261105e-33,
      "banana": 7.721687939969532e-15,
      "blackgram": 3.5709679439381738e-06,
      "chickpea": 2.28701531817092e-139,
      "coconut": 8.414386393458268e-15,
      "coffee": 7.547808758666494e-09,
      "cotton": 0.0006906443985243202,
      "grapes": 5.602705292762868e-33,
      "jute": 0.0033166941537377055,
      "kidneybeans": 3.2776633704242876e-07,
      "lentil": 0.0007191025847551617,
      "maize": 0.0006928476841064472,
      "mango": 1.1219185857239772e-10,
      "mothbeans": 0.0008041410308466655,
      "mungbean": 2.815934212673945e-10,
      "muskmelon": 1.4410582079625355e-15,
      "orange": 4.453414975897416e-16,
      "papaya": 1.7282899568208276e-14,
      "pigeonpeas": 9.650775390182448e-05,
      "pomegranate": 7.296353880688101e-15,
      "rice": 0.003316691555150229,
      "watermelon": 1.4410491598849606e-15
    }
  },
  "XGBoost": {
    "brier_score_macro": 0.000760704134315595,
    "brier_per_class": {
      "apple": 5.170262738829479e-06,
      "banana": 4.707820608018665e-06,
      "blackgram": 0.00017653491522651166,
      "chickpea": 5.593810783466324e-06,
      "coconut": 3.5425044188741595e-05,
      "coffee": 6.1582109083246905e-06,
      "cotton": 5.231938303040806e-06,
      "grapes": 5.480936579260742e-06,
      "jute": 0.0009810205083340406,
      "kidneybeans": 2.5339777494082227e-05,
      "lentil": 0.006199979223310947,
      "maize": 0.0001267083134735003,
      "mango": 3.100203684880398e-05,
      "mothbeans": 0.0025295286905020475,
      "mungbean": 0.0034496833104640245,
      "muskmelon": 1.254653307114495e-05,
      "orange": 6.111073162173852e-06,
      "papaya": 7.8992270573508e-06,
      "pigeonpeas": 0.0019494240405038,
      "pomegranate": 0.00010114852921105921,
      "rice": 0.0010667652823030949,
      "watermelon": 4.031469870824367e-06
    }
  },
  "LightGBM": {
    "brier_score_macro": 0.000811267028713589,
    "brier_per_class": {
      "apple": 2.4813451507357163e-06,
      "banana": 2.9933919666093753e-06,
      "blackgram": 0.0008304688351177438,
      "chickpea": 2.8781783497409014e-06,
      "coconut": 2.420663433796924e-06,
      "coffee": 1.857429141632847e-06,
      "cotton": 0.0001846838813842597,
      "grapes": 2.9632485320143773e-06,
      "jute": 0.0025089259233895904,
      "kidneybeans": 0.002179856236564349,
      "lentil": 0.0022915499290212748,
      "maize": 0.0007900727319634134,
      "mango": 4.722910990651445e-06,
      "mothbeans": 0.0023108010053860964,
      "mungbean": 5.461439468955756e-06,
      "muskmelon": 1.3341069740549862e-05,
      "orange": 2.891242988841265e-06,
      "papaya": 1.9064980857091648e-06,
      "pigeonpeas": 0.004156443918594252,
      "pomegranate": 1.7839327695817902e-06,
      "rice": 0.002547005298559003,
      "watermelon": 2.3655211001527725e-06
    }
  }
}