{
  "fresh": {
    "accuracy": 0.9950000000000001,
    "cohens_kappa": 0.9947619047619047,
    "brier_mean": 0.0006764768086052662
  },
  "mild": {
    "accuracy": 0.9663636363636363,
    "cohens_kappa": 0.9647619047619047,
    "brier_mean": 0.0039125822049000504
  },
  "moderate": {
    "accuracy": 0.8177272727272727,
    "cohens_kappa": 0.809047619047619,
    "brier_mean": 0.013761591510996967
  },
  "severe": {
    "accuracy": 0.4381818181818182,
    "cohens_kappa": 0.4114285714285715,
    "brier_mean": 0.033054476687133044
  }
}