{
  "fresh": {
    "accuracy": 0.9950000000000001,
    "cohens_kappa": 0.9947619047619047,
    "brier_mean": 0.0006764768086052662
  },
  "mild": {
    "accuracy": 0.9404545454545454,
    "cohens_kappa": 0.9376190476190476,
    "brier_mean": 0.005173434612083095
  },
  "moderate": {
    "accuracy": 0.7040909090909091,
    "cohens_kappa": 0.69,
    "brier_mean": 0.02119719606937631
  },
  "severe": {
    "accuracy": 0.16090909090909092,
    "cohens_kappa": 0.12095238095238092,
    "brier_mean": 0.045231594789472716
  }
}