{
  "fresh": {
    "accuracy": 0.9950000000000001,
    "cohens_kappa": 0.9947619047619047,
    "brier_mean": 0.0006775109606304158
  },
  "mild": {
    "accuracy": 0.9636363636363636,
    "cohens_kappa": 0.9619047619047619,
    "brier_mean": 0.0037997068578887374
  },
  "moderate": {
    "accuracy": 0.8272727272727273,
    "cohens_kappa": 0.819047619047619,
    "brier_mean": 0.013751208416658013
  },
  "severe": {
    "accuracy": 0.4159090909090909,
    "cohens_kappa": 0.38809523809523805,
    "brier_mean": 0.03480686106139964
  }
}