{
  "mean_abs_shap": {
    "N": 0.026606755598808308,
    "P": 0.023832130941450508,
    "K": 0.027067562721941937,
    "temperature": 0.01028481153902285,
    "humidity": 0.03220192770544703,
    "ph": 0.00493980452250551,
    "rainfall": 0.025760310792889155
  },
  "method": "TreeExplainer on RandomForest",
  "n_samples": 200
}